confirmed,deaths,city_ibge_code
7,0,5200050
12,0,5200100
2,0,5200134
1,0,5200159
1,0,5200175
302,6,5200258
7,0,5200308
1,0,5200506
3,0,5200605
3,0,5200829
2,0,5200902
181,2,5201108
1,0,5201207
5,0,5201306
608,15,5201405
8,0,5201454
0,0,5201504
0,0,5201603
12,0,5201702
8,0,5201801
2,1,5202155
0,0,5202601
1,0,5202809
10,1,5203203
30,1,5203302
1,0,5203401
4,0,5203500
7,0,5203559
0,0,5203609
2,0,5203807
1,1,5204003
5,0,5204102
3,0,5204250
24,0,5204300
1,0,5204409
25,2,5204508
0,0,5204557
1,0,5204607
11,0,5204706
2,0,5204805
1,0,5204854
16,1,5204904
3,0,5205000
3,0,5205059
36,1,5205109
1,0,5205208
1,0,5205307
4,0,5205406
1,0,5205455
11,0,5205471
42,1,5205497
10,0,5205513
0,0,5205521
1,0,5205703
2,0,5205802
1,1,5205901
11,1,5206206
3,0,5206404
1,0,5206503
7,0,5206602
1,0,5206800
0,0,5207253
7,0,5207402
1,0,5207535
2,0,5207808
1,0,5207907
48,2,5208004
4,0,5208152
5,0,5208400
3,1,5208509
41,3,5208608
2291,72,5208707
5,0,5208806
1,0,5208905
16,2,5209101
1,0,5209150
10,0,5209200
31,1,5209705
3,0,5209804
4,0,
19,0,5209952
10,0,5210000
1,0,5210109
1,0,5210158
6,2,5210208
1,0,5210307
7,1,5210406
2,0,5210604
3,0,5210802
2,0,5210901
4,0,5211206
1,0,5211404
22,1,5211503
3,0,5211602
1,0,5211701
17,0,5211800
103,1,5211909
3,0,5212055
2,1,5212105
2,0,5212204
11,0,5212303
97,4,5212501
7,1,5212808
14,0,5213004
4,0,5213087
58,0,5213103
2,0,5213509
1,0,5213707
2,0,5213756
18,2,5213806
0,0,5214002
1,0,5214101
9,1,5214507
9,0,5214606
1,0,5214705
19,0,5214861
3,0,5215009
105,6,5215231
1,0,5215256
58,0,5215603
10,1,5215702
1,1,5215900
3,0,5216304
14,2,5216403
20,1,5217104
3,0,5217203
5,0,5217302
9,1,5217401
99,7,5217609
25,1,5218003
2,0,5218102
2,0,5218300
6,2,5218391
15,0,5218508
21,0,5218607
1,0,5218706
160,2,5218805
11,1,5218904
1,0,5219258
29,0,5219308
1,0,5219407
0,0,5219456
2,1,5219506
1,0,5219704
2,1,5219738
150,3,5219753
7,1,5220009
0,0,5220058
10,0,5220108
2,0,5220207
9,0,5220405
134,2,5220454
1,0,5220504
4,0,5220603
4,0,5221197
62,2,5221403
2,0,5221502
30,0,5221601
3,0,5221700
2,0,5221809
184,3,5221858
4,0,5222005
43,3,3500105
3,0,3500204
43,4,3500303
1,0,3500402
16,1,3500501
1,0,3500550
2,0,3500600
32,1,3500709
5,0,3500758
3,1,3500808
1,0,3500907
5,0,3501004
1,1,3501103
12,1,3501152
1,0,3501202
11,1,3501301
2,2,3501400
1,0,3501509
160,8,3501608
49,2,3501707
4,0,3501806
66,4,3501905
42,5,3502101
26,2,3502200
2,0,3502309
3,0,3502408
7,0,3502507
2,0,3502705
19,1,3502754
199,7,3502804
45,1,3502903
10,2,3503109
327,5,3503208
138,4,3503307
1,0,3503406
10,3,3503604
2,0,3503703
29,2,3503802
291,21,3503901
2,0,3503950
60,5,3504008
98,4,3504107
3,0,3504206
2,0,3504305
1,0,3504404
70,7,3504503
31,4,3504602
2,0,3504800
5,0,3504909
1,0,3505005
0,0,3505104
17,1,3505203
46,1,3505302
9,1,3505401
277,12,3505500
21,1,3505609
1351,139,3505708
2,0,3505807
22,1,3505906
367,15,3506003
31,2,3506102
1,0,3506300
135,7,3506359
1,0,3506409
60,1,3506508
38,4,3506607
12,0,3506706
11,1,3506805
9,2,3506904
76,5,3507001
22,0,3507100
1,0,3507209
5,0,3507308
12,0,3507407
4,0,3507456
344,8,3507506
254,12,3507605
1,0,3507753
27,1,3507803
5,0,3507902
7,0,3508009
18,0,3508108
3,0,3508207
75,5,3508405
62,3,3508504
10,0,3508603
1,0,3508702
3,1,3508900
343,38,3509007
2,0,3509106
331,24,3509205
20,0,3509254
6,1,3509304
5,1,3509403
6,0,3509452
2414,93,3509502
103,14,3509601
42,1,3509700
0,0,3509809
19,2,3509908
1,0,3509957
9,0,3510005
10,0,3510104
23,4,3510203
46,0,3510302
57,0,3510401
177,8,3510500
1242,84,3510609
1,0,3510708
6,0,3510807
3,0,3510906
5,1,3511003
144,10,3511102
2,0,3511201
4,0,3511300
5,0,3511409
18,3,3511508
8,1,3511607
62,3,3511706
1,0,3557204
10,2,3512001
10,0,3512209
12,1,3512308
51,0,3512407
12,1,3512506
1,0,3512605
39,1,3512803
5,1,3512902
702,59,3513009
29,1,3513108
34,2,3513405
579,47,3513504
5,0,3513603
10,1,3513702
1486,99,3513801
1,0,3513900
4,0,3514007
5,2,3514106
3,1,3514205
3,0,3514304
37,2,3514403
5,0,3514502
4,0,3514601
1,0,3514700
5,1,3514809
10,1,3514908
1,0,3514924
2,0,3514957
644,56,3515004
147,10,3515103
4,0,3515129
17,0,3515152
19,0,3515186
2,0,3557303
9,0,3515202
2,0,3515350
9,1,3515400
83,0,3515509
3,0,3515608
0,0,3515657
460,49,3515707
4,0,3515905
10,0,3516002
92,5,3516200
542,23,3516309
468,41,3516408
2,0,3516507
0,0,3516606
12,0,3516705
21,3,3516804
7,0,3516853
14,0,3516903
1,0,3517000
11,0,3517208
4,1,3517307
37,0,3517406
42,4,3517505
7,2,3517604
1,1,3517703
4,0,3517802
3,0,3517901
1,0,3518008
10,0,3518107
18,1,3518206
53,6,3518305
34,2,3518404
29,0,3518503
29,0,3518602
1679,67,3518701
3354,373,3518800
1,0,3518859
1,0,3518909
12,0,3519006
17,0,3519055
201,13,3519071
2,0,3519105
2,0,3519204
34,0,3519303
4,0,3519402
6,0,3519501
35,2,3519600
77,4,3519709
1,1,3519907
28,1,3520004
13,1,3520103
65,1,3520202
43,0,3520301
50,2,3520400
37,2,3520426
11,0,3520442
82,0,
165,20,3520509
18,0,3520608
4,0,3520707
2,0,3520806
22,0,3521002
8,0,3521101
5,2,3521150
27,0,3521309
45,0,3521408
3,0,3521507
12,1,3521606
1,0,3521705
10,0,3521804
22,1,3521903
84,11,3522109
0,0,3522158
551,40,3522208
129,6,3522307
50,2,3522406
633,79,3522505
57,3,3522604
19,0,3522703
2,0,3522802
8,1,3522901
4,1,3523008
721,88,3523107
4,0,3523206
57,2,3523305
101,3,3523404
22,1,3523503
12,0,3523602
2,0,3523701
2,0,3523800
200,19,3523909
75,5,3524006
6,0,3524105
14,1,3524204
43,5,3524303
265,12,3524402
79,2,3524501
13,1,3524600
73,3,3524709
42,0,3524808
7,1,3524907
282,16,3525003
40,3,3525102
48,7,3525201
230,6,3525300
4,0,3525508
3,0,3525607
18,1,3525706
1,0,3525805
1415,78,3525904
26,1,3526001
12,0,3526100
47,4,3526209
29,2,3526407
1,0,3526506
7,1,3526605
35,5,3526704
318,9,3526803
213,11,3526902
3,0,3527009
35,6,3527108
56,3,3527207
81,3,3527306
32,5,3527405
6,0,3527603
1,0,3527900
50,1,3528007
6,0,3528106
0,0,3528205
14,0,3528304
49,3,3528403
143,17,3528502
6,0,3528601
1,0,3528858
1,0,3528908
83,1,3529005
7,1,3529203
26,0,3529302
1221,90,3529401
5,1,3529500
1,0,3529609
6,0,3529708
15,1,3529807
47,4,3529906
37,4,3530102
2,0,3530201
36,1,3530300
51,3,3530508
1182,106,3530607
148,4,3530706
24,1,3530805
2,1,3531001
79,4,3531100
2,0,3531209
43,1,3531308
10,1,3531407
8,0,3531506
2,0,3531704
62,2,3531803
52,0,3531902
19,0,3532009
6,0,3532058
3,0,3532108
1,1,3532306
27,2,3532405
5,0,3532504
7,0,3532603
1,0,3532702
0,0,3532801
1,0,3532827
28,0,3532900
9,1,3533007
5,0,3533106
1,0,3533254
1,0,3533304
46,2,3533403
17,0,3533502
2,0,3533601
67,3,3533908
3,0,3534005
1,0,3534104
25,3,3534302
3207,347,3534401
3,0,3534609
109,4,3534708
3,0,3534757
22,1,3534906
1,0,3535002
5,2,3535101
6,0,3535200
10,0,3535309
7,1,3535408
5,1,3535507
17,0,3535606
4,0,3535705
11,1,3535804
1,0,3535903
2,0,3536000
21,0,3536109
107,2,3536208
0,0,3536257
6,0,3536307
237,2,3536505
2,0,3536570
1,0,3536604
66,2,3536703
5,0,3536802
8,0,3537107
4,1,3537156
4,0,3537206
16,3,3537305
15,3,3537404
2,0,3537503
81,9,3537602
96,5,3537800
21,2,3537909
53,5,3538006
14,0,3538105
2,0,3538204
4,0,3538303
3,0,3538501
21,1,3538600
706,36,3538709
49,3,3538808
10,1,3538907
3,1,3539004
76,0,3539103
15,2,3539202
135,1,3539301
41,2,3539400
6,1,3539509
11,0,3539608
283,34,3539806
1,1,3539905
2,1,3540002
16,3,3540200
5,1,3540259
0,0,3540309
4,0,3540408
5,0,3540507
66,3,3540606
22,1,3540705
3,0,3540754
10,1,3540804
3,0,3540853
3,1,3540903
1071,63,3541000
10,0,3541059
3,0,3541109
8,0,3541208
9,1,3541307
173,11,3541406
42,8,3541505
7,0,3541604
3,0,3541653
20,2,3541703
2,0,3541802
4,0,3542008
3,0,3542107
5,1,3542206
1,0,3542305
11,0,3542404
2,0,3542503
187,5,3542602
3,0,3542909
19,0,3543006
1,0,3543238
2,0,3543204
5,0,3543253
247,18,3543303
1275,33,3543402
10,1,3543709
4,0,3543808
63,16,3543907
19,0,3544004
95,8,3544103
0,0,3544202
15,0,3544251
8,1,3544301
1,0,3544400
2,0,3544707
1,0,3544806
5,0,3544905
21,2,3545001
10,1,3545159
61,1,3545209
53,2,3545308
2,0,3545407
3,0,3545605
76,5,3545803
18,1,3546009
0,0,3546108
5,0,3546207
3,0,3546256
9,0,3546306
71,1,3546405
24,0,3546603
16,1,3546702
186,21,3546801
6,0,3546900
15,0,3547007
2,0,3547205
577,19,3547304
12,1,3547502
2,0,3547601
13,0,3547650
7,1,3547700
2917,160,3547809
1,1,3547908
18,0,3548005
6,0,3548054
13,1,3548104
8,2,3548203
4,0,3548302
1,0,3548401
4315,172,3548500
1,0,3548609
3285,232,3548708
847,46,3548807
187,5,3548906
1,0,3549003
61,5,3549102
9,1,3549201
1,0,3549300
26,0,3549409
1,0,3549508
24,3,3549706
827,23,3549805
1110,45,3549904
30,2,3549953
1,1,3550001
48,2,3550100
46,3,3550209
71453,4805,3550308
63,1,3550407
2,0,3550506
72,5,3550605
324,3,3550704
8,1,3550803
5,0,3550902
1263,91,3551009
5,0,3551108
1,0,3551207
2,0,3551405
38,5,3551504
16,0,3551603
60,4,3551702
6,0,3551801
17,0,3551900
0,0,3552007
15,3,3552106
1203,56,3552205
5,0,3552304
259,10,3552403
830,67,3552502
24,1,3552601
16,0,3552700
987,73,3552809
6,0,3553005
10,0,3553104
2,0,3553203
18,0,3553302
15,0,3553401
20,0,3553500
1,0,3553609
1,0,3553658
12,0,3553708
7,0,3553807
5,0,3553856
7,1,3553906
3,0,3553955
173,8,3554003
150,5,3554102
2,0,3554201
8,0,3554300
8,0,3554409
18,0,3554508
2,0,3554607
5,2,3554656
20,0,3554706
1,0,3554755
10,0,3554805
4,0,3554904
5,0,3554953
21,1,3555000
40,0,3555109
1,0,3555307
65,2,3555406
13,1,3555505
13,1,3555604
1,0,3555703
17,0,3555802
3,1,3555901
3,0,3556008
11,0,3556107
195,6,3556206
25,0,3556305
6,1,3556354
26,0,3556404
88,7,3556453
177,12,3556503
111,2,3556701
6,2,3556800
13,1,3556909
187,9,3557006
82,5,3557105
2,0,3557154
1,0,2700102
49,1,2700201
500,18,2700300
209,5,2700409
24,2,2700508
40,1,2700607
38,1,2700706
2,1,2700805
2,0,2700904
82,2,2701001
11,0,2701100
18,1,2701209
34,1,2701308
21,2,2701357
29,1,2701407
14,1,2701506
3,1,2701605
117,1,2701704
14,0,2701803
7,0,2701902
8,0,2702009
38,2,2702108
49,1,2702207
220,8,2702306
88,1,2702355
32,2,2702405
13,0,2702504
8,0,2702553
26,0,2702603
7,1,2702702
36,1,2702801
55,0,2702900
7,3,2703007
17,0,2703106
4,1,2703205
54,4,
3,0,2703304
2,0,2703403
17,0,2703502
33,1,2703601
1,0,2703700
120,3,2703759
33,5,2703809
2,1,2703908
140,1,2704005
11,2,2704104
11,1,2704203
7112,335,2704302
26,1,2704401
149,6,2704500
9,0,2704609
399,13,2704708
36,1,2704807
4,0,2704906
0,0,2705002
80,2,2705101
43,3,2705200
3,0,2705309
12,0,2705408
105,4,2705507
5,1,2705606
55,1,2705705
5,0,2705804
8,0,2705903
9,0,2706000
19,0,2706109
3,0,2706208
176,3,2706307
42,1,2706406
3,0,2706422
34,4,2706448
51,2,2706505
48,2,2706604
47,2,2706703
33,4,2706802
170,5,2706901
10,0,2707008
9,1,2707107
4,1,2707206
185,2,2707305
26,0,2707404
11,0,2707503
34,0,2707602
227,19,2707701
14,0,2707800
67,2,2707909
87,3,2708006
12,1,2708105
19,0,2708204
162,1,2708303
36,1,2708402
58,2,2708501
278,5,2708600
25,1,2708709
205,1,2708808
157,6,2708907
11,0,2708956
15,1,2709004
13,0,2709103
275,2,2709152
9,0,2709202
181,14,2709301
30,1,2709400
367,10,1300029
326,8,1300060
197,0,1300086
403,5,1300102
27,0,1300144
89,1,1300201
633,22,1300300
534,17,1300409
343,4,1300508
1020,25,1300607
374,5,1300631
78,2,1300680
456,6,1300706
275,14,1300805
104,2,1300839
36,0,1300904
264,2,1301001
734,13,1301100
52,1,1301159
2066,59,1301209
61,2,1301308
177,0,1301407
0,0,1301506
293,10,1301605
51,1,1301654
123,2,1301704
0,0,1301803
739,26,1301852
879,45,1301902
4,0,1301951
372,4,1302009
122,0,1302108
44,0,1302207
146,10,1302306
70,0,1302405
2591,101,1302504
140,6,1302553
19962,1417,1302603
62,2,1302702
109,1,1302801
705,29,1302900
59,2,1303007
123,9,1303106
165,5,1303205
205,7,1303304
1490,58,1303403
60,0,1303502
501,16,1303536
553,11,1303569
43,1,1303601
759,16,1303700
2232,26,1303809
468,11,1303908
119,1,1303957
135,4,1304005
1072,60,1304062
439,3,1304104
2106,60,1304203
292,12,1304237
208,0,1304260
241,2,1304302
175,2,1304401
119,3,1600105
142,1,1600204
159,2,1600212
123,2,1600238
0,0,
77,0,1600253
1761,35,1600279
5465,155,1600303
349,3,1600402
529,6,1600501
840,3,1600154
218,4,1600535
18,1,1600550
1191,29,1600600
243,2,1600055
134,1,1600709
183,7,1600808
4,0,2900108
0,0,2900207
3,0,2900306
3,1,2900355
5,1,2900405
5,1,2900603
99,3,2900702
2,0,2900801
3,0,2900900
11,1,2901007
29,0,2901106
0,0,2901155
2,1,2901205
2,0,2901304
21,0,2901502
4,0,2901601
4,0,2901700
11,1,2901908
1,0,2901957
2,0,2902054
5,0,2902005
14,1,2902104
1,0,2902203
2,0,2902252
2,0,2902302
16,0,2902401
1,0,2902500
2,0,2902658
4,0,2902708
8,0,2902906
1,0,2903003
7,0,2903102
71,0,2903201
15,0,2903276
6,0,2903300
11,1,2903409
0,0,2903607
3,0,2903805
18,0,2903904
0,0,2903953
1,0,2904050
9,0,2904100
41,0,2904605
41,5,2904704
4,0,2904753
2,0,2904852
9,0,2904902
0,0,2905008
3,0,2905107
2,0,2905156
8,0,2905206
23,1,2905404
5,0,2905503
76,0,2905602
286,6,2905701
9,0,2905800
19,0,2905909
2,0,2906006
7,0,2906204
27,1,2906303
1,0,2906402
245,5,2906501
3,0,2906600
13,0,2906709
10,0,2906808
12,0,2906824
2,0,2906857
28,3,2906873
3,0,2906899
1,0,2906907
6,0,2907004
24,0,2907202
25,1,2907301
37,1,2907509
0,0,2907608
2,0,2907806
1,0,2907905
39,2,2908002
8,0,2908101
17,0,2908200
4,0,2908309
21,0,2908408
13,0,2908507
7,1,2908606
9,0,2908705
10,0,2908903
15,0,2909208
1,0,2909307
2,0,2909505
2,0,2909604
4,0,2909703
25,0,2909802
33,0,2909901
10,0,2910008
94,4,2910057
3,0,2910107
10,0,2910404
16,0,2910503
2,0,2910602
8,0,2910701
167,2,2910727
2,0,2910750
622,6,2910800
2,1,2910859
1,0,2910909
6,0,2911006
1,0,2911105
55,1,2911204
3,0,2911402
13,2,2911501
4,1,2911600
27,0,2911709
2,0,2911808
18,3,2911907
20,0,2912103
1,0,2912301
5,0,2912400
0,0,2912509
16,1,2912707
18,1,2912806
22,1,2912905
1,1,2913002
1,0,2913200
4,0,2913457
4,0,2913507
664,33,2913606
582,4,
3,0,2913705
3,0,2913804
245,7,2913903
16,1,2914000
2,0,2914505
17,0,2914604
15,0,2914653
40,1,2914703
1045,33,2914802
31,2,2914901
29,0,2915007
5,0,2915106
22,1,2915205
0,0,2915353
95,1,2915502
160,2,2915601
0,0,2915700
6,1,2915908
4,0,2916005
31,1,2916104
7,2,2916203
9,0,2916302
15,2,2916401
21,0,2916500
6,0,2916609
0,0,2916708
2,1,2916807
14,1,2916856
3,1,2917003
5,0,2917102
1,0,2917201
6,0,2917300
1,0,2917359
1,0,2917409
41,1,2917508
38,0,2917607
22,0,2917706
7,0,2917805
2,1,2917904
454,14,2918001
1,0,2918209
10,1,2918308
21,0,2918357
62,6,2918407
0,0,2918506
4,0,2918555
1,0,2918605
5,0,2918704
6,0,2918803
1,0,2918902
7,0,2919058
5,0,2919108
4,0,2919157
576,8,2919207
6,0,2919405
7,0,2919504
41,0,2919553
2,1,2919702
1,0,2919801
35,1,2919926
1,0,2919959
7,0,2920007
2,0,2920106
1,0,2920304
11,1,2920403
6,0,2920452
3,0,2920502
29,1,2920601
7,2,2920700
4,0,2920809
3,0,2920908
45,0,2921005
1,0,2921054
2,0,2921104
2,1,2921203
12,0,2921302
2,0,2921401
2,1,2921450
5,1,2921500
6,0,2921609
2,0,2921708
4,0,2921906
41,1,2922003
3,1,2922052
1,1,2922102
1,0,2922201
10,1,2922300
16,0,2922409
4,0,2922508
3,1,2922607
8,0,2922656
3,0,2922730
1,0,2922755
15,0,2922904
58,0,2923001
2,0,2923050
2,0,2923100
14,0,2923209
2,0,2923308
1,0,2923357
14,0,2923407
1,0,2923506
5,1,2923605
2,0,2923704
2,0,2923803
16,2,2923902
41,0,2924009
0,0,2924058
0,0,2924108
1,0,2924207
1,0,2924306
40,0,2924405
3,0,2924504
3,0,2924603
2,0,2924652
3,0,2924678
12,0,2924702
2,0,2924801
0,0,2925105
41,0,2925204
4,1,2925253
142,1,2925303
12,0,2925402
15,0,2925501
3,0,2925600
0,0,2925709
2,0,2925758
21,0,2925808
6,0,2925931
8,0,2925956
28,1,2926004
15,0,2926103
2,0,2926202
12,1,2926301
10,0,2926400
2,0,2926509
27,1,2926608
1,0,2926657
2,0,2926806
3,0,2926905
16,0,2927002
6,0,2927101
4,0,2927200
2,0,2927309
13745,535,2927408
22,0,2927507
1,0,2927606
37,0,2927705
5,1,2927804
2,0,2927903
12,0,2928000
6,0,2928059
2,0,2928109
5,0,2928307
2,0,2928406
9,0,2928505
27,1,2928604
53,0,2928703
3,0,2928802
20,0,2928901
4,0,2928950
2,0,2929107
2,0,2929008
61,2,2929206
12,0,2929305
9,1,2929354
1,0,2929370
80,1,2929503
3,0,2929602
6,0,2929701
15,2,2929750
0,0,2929800
15,1,2929909
47,1,2930105
1,0,2930204
3,0,2930154
0,0,2930303
4,0,2930402
53,0,2930501
2,0,2930600
234,7,2930709
1,0,2930766
27,2,2930774
1,0,2930808
0,0,2930907
0,0,2931004
1,0,2931103
9,0,2931202
159,0,2931350
13,0,2931509
4,0,2931707
5,0,2931905
1,0,2932002
0,0,2932101
18,1,2932200
22,0,2932309
36,0,2932457
8,0,2932507
65,2,2932606
123,11,2932705
1,1,2932804
70,2,2932903
52,1,2933000
2,1,2933059
1,0,2933158
2,0,2933174
25,2,2933208
7,1,2933257
171,5,2933307
1,0,2933455
20,1,2933505
21,0,2933604
11698,181,5300108
1225,15,
91,6,3200102
31,2,3200169
8,2,3200136
20,0,3200201
87,2,3200300
4,1,3200359
176,3,3200409
18,0,3200508
137,13,3200607
5,0,3200706
111,3,3200805
114,4,3200904
74,3,3201001
27,0,3201100
7,0,3201159
380,15,3201209
2201,125,3201308
26,2,3201407
427,5,3201506
15,1,3201605
18,1,3201704
9,0,3201803
121,0,3201902
1,0,3202009
68,4,3202108
146,8,3202207
5,0,3202256
47,4,3202306
321,16,3202405
22,1,3202454
30,1,3202504
21,1,3202553
29,0,3202603
323,4,
23,0,3202652
15,0,3202702
182,6,3202801
33,1,3202900
16,1,3203007
9,1,3203056
13,0,3203106
94,3,3203130
18,0,3203163
283,10,3203205
5,1,3203304
303,18,3203320
123,3,3203346
31,0,3203353
111,1,3203403
15,0,3203502
5,1,3203601
9,1,3203700
38,3,3203809
53,2,3203908
73,0,3204005
24,1,3204054
22,3,3204104
97,1,3204203
0,0,3204252
109,3,3204302
35,0,3204351
14,1,3204401
20,0,3204500
89,4,3204559
105,3,3204609
13,1,3204658
79,0,3204708
22,0,3204807
276,3,3204906
28,2,3204955
2980,180,3205002
47,2,3205010
29,1,3205036
53,0,3205069
323,15,3205101
8,0,3205150
40,0,3205176
2922,125,3205200
2987,113,3205309
1332,3,2100055
14,0,2100105
47,0,2100154
21,1,2100204
12,0,2100303
1,1,2100402
189,6,2100436
76,0,2100477
26,0,2100501
3,0,2100550
265,1,2100600
72,4,2100709
300,1,2100808
115,1,2100832
227,0,2100873
153,2,2100907
95,0,2100956
73,2,2101004
18,1,2101103
555,6,2101202
108,2,2101251
148,0,2101301
8,0,2101350
331,0,2101400
7,0,2101509
751,12,2101608
194,5,2101707
81,0,2101731
65,0,2101772
5,0,2101806
105,5,2101905
25,0,2101939
10,2,2101970
102,2,2102002
198,0,2102036
26,0,2102077
105,6,2102101
19,0,2102150
87,0,2102200
6,0,2102309
625,2,2102325
135,3,2102358
34,2,2102374
4,1,2102408
112,0,2102507
102,1,2102556
19,1,2102606
162,1,2102705
98,0,2102754
48,0,2102804
119,9,2102903
340,10,2103000
32,0,2103109
7,0,2103125
20,0,2103158
117,2,2103174
1192,6,2103208
75,0,2103257
1098,5,2103307
403,3,2103406
112,1,2103505
55,2,2103554
179,1,2103604
121,2,2103703
103,3,2103752
40,0,2103802
57,0,2103901
226,5,2104008
275,1,2104057
12,1,2104073
61,0,2104081
34,0,2104099
26,0,2104107
49,0,2104206
25,2,2104305
19,0,2104404
48,0,2104503
141,1,2104552
17,0,2104602
11,0,2104628
64,2,2104651
35,0,2104677
25,0,2104701
267,3,2104800
54,2,2104909
148,1,2105005
45,1,2105104
86,1,2105153
247,0,2105203
2406,113,2105302
39,0,2105351
276,2,2105401
254,4,2105427
12,0,2105450
37,2,2105476
129,2,2105500
64,0,2105609
53,0,2105658
0,0,2105922
35,0,2105963
382,23,2105708
17,0,2105807
58,1,2105948
72,0,2105906
5,0,2105989
383,3,2106003
0,0,2106102
7,1,2106201
51,0,2106300
236,1,2106326
49,0,2106359
136,1,2106375
159,2,2106409
147,0,2106508
61,0,2106607
15,0,2106631
46,0,2106672
32,0,2106706
132,0,2106755
36,6,2106805
104,5,2106904
62,1,2107001
86,2,2107100
45,0,2107209
2,0,2107258
0,0,2107308
161,1,2107357
206,3,2107407
58,4,2107456
399,40,2107506
28,1,2107605
44,0,2107704
16,1,2107803
20,0,2107902
14,1,2108009
73,1,2108058
80,1,2108108
615,12,2108207
73,0,2108256
116,1,2108306
82,1,2108405
208,1,2108454
57,3,2108504
344,14,2108603
204,0,2108702
184,1,2108801
130,0,2108900
53,1,2109007
29,0,2109056
269,1,2109106
20,0,2109205
26,0,2109239
89,5,2109270
20,0,2109304
27,0,2109403
79,7,2109452
12,0,2109502
91,0,2109551
176,4,2109601
1,0,2109700
3,0,2109759
450,1,2109809
2099,14,2109908
99,1,2110005
12,0,2110039
38,1,2110237
239,3,2110104
152,4,2110203
31,0,2110278
296,2,2110302
174,2,2110401
218,2,2110500
164,5,2110609
29,0,2110658
187,0,2110708
0,0,2110807
61,0,2110856
0,0,2110906
48,4,2111003
167,0,2111029
27,0,2111052
13,1,2111078
52,0,2111102
745,47,2111201
6,0,2111250
9935,544,2111300
8,0,2111409
362,11,2111508
140,0,2111532
12,0,2111573
40,0,2111607
69,1,2111631
30,0,2111672
73,0,2111706
40,0,2111722
25,0,2111748
87,1,2111763
16,0,2111789
130,0,2111805
9,0,2111904
5,0,2111953
9,0,2112001
22,3,2112100
497,6,2112209
335,3,2112233
14,1,2112274
159,1,2112308
85,0,2112407
190,1,2112456
379,7,2112506
599,1,2112605
99,1,2112704
207,3,2112803
51,0,2112852
136,1,2112902
85,1,2113009
1224,11,2114007
5,0,3100104
1,0,3100203
4,1,3100500
2,0,3100708
4,0,3100906
10,0,3101003
53,0,3101102
45,2,3101508
17,0,3101607
2,1,3101631
15,0,3101706
4,0,3101805
1,0,3101904
1,0,3102001
1,0,3102050
12,1,3153509
2,0,3102100
73,0,3102209
0,0,3102506
5,1,3102605
12,0,3102803
4,0,3102902
4,0,3103009
2,0,3103405
25,1,3103504
3,0,3103603
7,0,3103751
1,0,3103801
143,2,3104007
5,0,3104106
25,0,3104205
13,1,3104601
2,0,3104908
29,0,3105400
296,4,3105608
1,0,3105707
2,0,3105905
3,0,3106002
4,1,3106101
2144,55,3106200
11,0,3106309
2,1,3106408
171,11,3106705
5,0,3106903
1,0,3107000
33,2,3107109
2,0,3107208
3,0,3107307
12,1,3107406
1,0,3107802
5,0,3107901
4,1,3108107
1,0,3108206
4,0,3108305
5,0,3108404
7,0,3108602
0,0,3108800
8,0,3108909
27,0,3109006
3,1,3109105
9,0,3109204
1,0,3109253
1,0,3109303
1,0,3109709
1,0,3102704
2,0,3109808
3,0,3109907
11,0,3110004
1,0,3110202
14,0,3110301
61,1,3110509
37,0,3110608
3,0,3110707
1,0,3110905
1,0,3111002
5,0,3111101
6,0,3111200
4,0,3111507
4,0,3111606
1,0,3111804
6,0,3111903
4,0,3112000
1,0,3112109
0,0,3112307
1,0,3112406
3,0,3112505
4,0,3112604
10,0,3112703
2,1,3112802
3,0,3113107
6,0,3113206
93,2,3113305
31,0,3113404
1,0,3113503
1,0,3113602
1,0,3113701
4,0,3113909
1,0,3114006
1,0,3114105
42,2,3114204
7,0,3114303
6,0,3114402
13,0,3114501
1,0,3114600
1,0,3114709
1,0,3115003
41,2,3115300
11,0,3115359
3,0,3115409
6,0,3115458
13,1,3115508
17,1,3115805
1,0,3115904
3,0,3116001
17,0,3116209
0,0,3116308
3,0,3116605
1,0,3116704
1,0,3117009
2,0,3117306
3,0,3117504
2,0,3117702
2,0,3117801
1,0,3117900
27,1,3118007
39,0,3118304
6,0,3118403
327,13,3118601
1,0,3118700
27,0,3119104
7,0,3119302
123,0,3119401
1,0,3119609
9,0,3119906
1,0,3120003
4,0,3120102
5,0,3120151
2,0,3120508
5,0,3120805
47,0,3120904
7,0,3121100
1,0,3121209
1,0,3121258
1,0,3121308
9,0,3121605
5,0,3121704
5,0,3121803
1,0,3121902
5,0,3122009
1,0,3122108
204,2,3122306
6,0,3122355
1,0,3122405
1,0,3122470
2,0,3122504
1,0,3123205
2,0,3123528
6,0,3123601
0,0,3123700
1,0,3123809
1,0,3123858
3,0,3124005
19,0,3124104
26,0,3124203
5,1,3124302
3,0,3124401
17,1,3124500
10,1,3124609
1,0,3124807
4,0,3124906
102,3,3125101
4,1,3125309
6,0,3125903
4,0,3125952
3,0,3126000
25,0,3126109
1,0,3126505
1,0,3126703
11,0,3126901
1,0,3127008
10,1,3127107
2,0,3127388
1,0,3127503
1,0,3127602
229,7,3127701
1,0,3127800
3,0,3128006
3,0,3128105
1,0,3128303
1,0,3128501
24,0,3128709
2,0,3128907
4,0,3129202
11,1,3129301
5,0,3129509
1,0,3129608
48,1,3129806
1,0,3130051
22,0,3130101
1,0,3130200
0,0,3130408
1,0,3130507
2,0,3130556
220,6,
2,0,3130606
7,0,3130804
2,0,3130903
15,0,3131158
8,0,3131208
338,4,3131307
1,1,3131406
1,0,3131505
347,1,3131703
1,0,3131802
70,1,3131901
4,0,3132107
5,0,3132206
0,0,3132305
31,1,3132404
6,0,3132602
4,2,3132701
2,0,3132909
47,0,3133006
28,0,3133105
5,0,3133303
15,0,3133501
9,1,3133600
10,1,3133709
3,0,3133758
17,0,3133808
3,0,3134004
19,2,3134202
2,0,3134301
103,1,3134608
12,1,3134905
2,0,3135001
54,0,3135100
9,0,3135209
3,0,3135308
3,0,3135407
2,0,3135704
8,1,3135803
12,0,3136009
1,0,3136108
81,0,3136207
1,0,3136405
5,0,3136652
671,30,3136702
6,0,3137007
6,0,3137106
92,0,3137205
0,0,3137403
12,0,3137502
26,0,3137601
5,0,3137700
9,0,3137809
2,0,3138005
1,0,3138104
24,2,3138203
36,1,3138401
19,1,3138609
1,0,3138807
2,0,3139003
1,0,3139102
1,0,3139201
1,0,3139250
35,2,3139409
0,0,3139508
36,0,3139607
25,3,3139805
3,0,3139904
302,7,3140001
25,1,3140159
2,0,3140209
5,0,3140308
1,1,3140506
3,1,3140605
10,1,3140704
1,0,3171501
5,0,3140803
3,0,3140852
4,0,3140902
21,0,3141108
20,0,3141405
9,0,3141702
2,0,3141801
7,0,3142007
9,1,3142106
11,1,3142205
6,0,3142304
1,0,3142403
3,0,3142700
11,0,3142809
8,0,3142908
8,0,3143104
73,2,3143302
33,1,3143401
1,1,3143609
12,0,3143807
193,7,3143906
50,0,3144003
4,0,3144102
10,2,3144300
1,0,3144359
2,0,3144508
7,0,3144607
1,0,3144656
1,0,3144672
2,0,3144706
192,0,3144805
2,0,3145000
8,0,3145059
1,0,3145109
18,1,3145208
3,1,3145307
4,0,3145406
0,0,3145455
5,0,3145604
3,1,3145877
14,0,3145901
16,1,3146008
51,1,3146107
12,0,3146305
4,0,3146909
116,1,3147006
15,0,3147105
4,0,3147204
10,3,3147303
8,0,3147402
8,0,3147600
6,0,3147808
23,1,3147907
92,1,3148004
29,2,3148103
5,0,3148202
5,0,3148707
2,0,3148905
2,0,3149002
18,0,3149309
1,1,3149804
10,0,3149903
4,0,3150000
3,0,3150406
1,0,3150570
3,0,3150604
3,0,3150703
12,2,3150802
2,0,3150901
2,0,3151008
24,1,3151107
20,1,3151206
4,0,3151305
1,0,3151404
2,1,3151503
9,2,3151602
1,0,3151701
81,3,3151800
6,0,3151909
8,0,3152006
6,0,3152105
6,0,3152204
2,0,3152303
19,0,3152402
122,3,3152501
1,0,3152808
8,0,3152907
3,0,3153004
1,1,3153202
5,0,3153905
5,0,3154002
2,0,3154101
7,0,3154309
2,0,3154457
1,0,3154507
99,2,3154606
0,0,3154705
4,0,3154804
1,0,3155207
6,2,3155306
2,0,3155405
7,0,3155504
26,0,3155702
8,1,3155801
2,0,3156007
11,0,3156304
40,0,3156700
1,0,3156908
0,0,3157104
38,0,3157203
4,1,3157336
1,0,3157658
69,2,3157807
12,0,3157906
5,0,3158003
1,0,3158300
2,0,3158409
1,0,3158508
5,0,3158607
70,2,3158953
3,0,3159308
3,0,3159605
1,0,3159704
1,0,3159803
2,0,3159902
1,0,3160009
4,0,3160306
10,0,3160405
26,1,3160702
2,0,3160900
3,0,3161007
28,3,3161106
2,0,3161205
4,0,3161403
2,0,3161502
1,1,3161601
23,0,3161908
2,0,3162005
6,0,3162104
3,0,3162302
45,1,3162500
2,1,3162559
10,0,3162575
1,1,3162609
2,0,3162708
12,1,3162906
23,2,3162922
2,0,3162948
13,1,3162955
13,0,3163003
3,0,3163300
33,0,3163706
5,1,3164209
1,0,3164431
1,0,3164472
32,0,3164605
11,1,3164704
2,0,3164803
0,0,3165008
2,1,3165107
3,0,3165305
20,0,3165537
7,0,3165578
4,0,3165602
4,0,3165800
1,0,3165909
1,0,3166105
27,0,3166808
3,0,3166907
1,0,3166956
2,0,3167103
35,1,3167202
1,0,3167400
1,0,3167509
1,0,3167707
2,0,3167905
1,0,3168051
0,0,3168101
2,0,3168507
320,8,3168606
52,1,3168705
7,0,3169000
13,2,3169109
20,0,3169208
78,3,3169307
2,0,3169356
20,1,3169406
5,0,3169604
58,0,3169901
2,0,3170008
1,0,3170057
237,7,3170107
1116,24,3170206
221,0,3170404
1,0,3170503
17,0,3170578
71,3,3170701
1,0,3170750
13,0,3170800
3,1,3170909
35,0,3171006
36,0,3171204
22,0,3171303
2,0,3171402
8,1,3172004
3,0,3172202
9,1,5100102
6,0,5100201
38,3,5100250
10,1,5100300
3,1,5100359
1,0,5100409
1,0,5100508
3,0,5101258
1,0,5101308
25,1,5101407
5,0,5101704
87,5,5101803
6,0,5101852
36,4,5102504
28,0,5102637
10,0,5102686
63,0,5102678
5,0,5102694
16,0,5102702
12,2,5103007
9,0,5103205
1,0,5103254
6,0,5103304
126,3,5103353
7,0,5103361
5,1,5103379
975,13,5103403
4,1,5103437
4,0,5103452
5,0,5103601
16,0,5104104
1,0,5104203
50,2,
5,0,5104526
1,0,5104542
1,0,5104609
45,0,5104807
10,1,5104906
2,1,5105002
5,1,5105101
11,1,5105150
7,0,5105200
2,0,5105234
99,2,5105259
1,0,5105309
7,0,5105580
20,0,5105606
17,1,5105622
4,0,5105903
14,0,5106109
3,0,5108808
4,0,5106182
1,0,5108907
1,0,5108956
51,1,5106224
4,0,5106232
4,0,5106190
19,0,5106240
1,0,5106257
14,0,5106265
3,0,5106315
1,0,5106299
2,0,5106307
14,0,5106372
33,0,5106422
4,0,5106505
8,0,5106653
1,1,5106703
61,2,5106752
2,0,5106778
6,0,5106828
2,0,5107008
153,0,5107040
27,1,5107065
5,0,5107180
3,0,5107206
2,0,5107578
253,9,5107602
45,1,5107701
1,0,5107743
1,0,5107768
2,0,5107263
2,0,5107792
7,0,5107800
1,0,5107859
3,0,5107297
2,1,5107305
10,1,5107107
2,0,5107354
7,1,5107404
31,0,5107875
83,3,5107909
134,0,5107925
152,1,5107958
30,0,5108006
1,0,5108055
1,0,5108303
2,1,5108352
324,16,5108402
3,0,5108501
14,0,5105507
23,0,5108600
4,1,2500106
1,0,2500205
89,1,2500304
50,2,2500403
132,0,2500502
4,0,2500536
172,4,2500601
12,0,2500734
8,0,2500775
45,0,2500809
21,0,2500908
4,0,2501005
66,1,2501104
1,0,2501153
13,1,2501203
32,0,2501302
18,0,2501351
64,1,2501401
36,0,2501500
42,0,2501534
19,0,2501575
10,0,2501609
3,1,2501708
416,26,2501807
60,0,2501906
2,0,2502003
1,0,2502052
1,0,2502102
35,0,2502151
1,0,2502201
1,0,2502409
33,1,2502508
2,0,2502706
8,1,2502805
431,5,2503001
1,0,2503100
1003,8,2503209
9,1,2503308
5,0,2503407
29,0,2503506
5,0,2503555
28,1,2503605
126,5,2503704
1,0,2503753
18,0,2503803
2006,40,2504009
44,1,2504033
1,0,2504074
1,0,2504108
19,0,2504157
5,0,2504207
60,2,2504306
16,0,2504355
7,0,2504405
43,0,2504504
114,2,2504603
11,1,2504702
17,0,2504801
7,0,2504850
128,8,2504900
3,0,2505006
10,1,2505105
10,0,2505238
54,1,2505204
10,0,2505279
1,0,2505303
2,0,2505352
11,0,2505402
1,0,2505600
3,0,2505709
28,0,2505808
1,0,2505907
69,0,2506004
9,0,2506103
35,1,2506251
782,4,2506301
55,0,2506400
15,1,2506509
5,0,2506608
2,0,2502607
8,0,2506707
92,0,2506806
248,3,2506905
3,1,2507002
40,1,2507101
55,1,2507200
16,1,2507309
2,0,2507408
5319,157,2507507
1,0,2513653
37,0,2507606
55,0,2507705
12,1,2507804
136,1,2507903
5,0,2508000
3,0,2508109
9,0,2508208
131,3,2508307
1,0,2508406
0,0,2508505
11,0,2508554
85,1,2508604
3,0,2508703
15,0,2508802
208,3,2508901
2,0,2509008
8,0,2509057
137,4,2509107
4,1,2509156
32,0,2509206
30,1,2509305
18,0,2509339
7,1,2509370
11,0,2509396
9,1,2509404
12,0,2509503
32,0,2509701
37,0,2509800
9,0,2509909
1,0,2510006
4,0,2510105
2,0,2510204
3,0,2510303
17,0,2510402
5,0,2510501
1,0,2510600
13,0,2510709
687,25,2510808
19,0,2510907
1,0,2511103
309,4,2511202
1,0,2512721
19,2,2511301
26,0,2511400
47,0,2511509
14,0,2511608
68,0,2511707
23,0,2511806
128,4,2511905
10,0,2512002
73,0,2512101
1,0,2512200
14,0,2512309
50,0,2512408
108,0,2512507
6,0,2512606
49,2,2512705
1,0,2512747
112,0,2512754
6,1,2512762
5,0,2512788
2,0,2512804
89,2,2512903
5,0,2513000
36,0,2513109
5,0,2513158
2,0,2513307
1,0,2513356
72,3,2513406
2,0,2513604
705,69,2513703
17,0,2513802
1,0,2513851
10,0,2513927
173,5,2513901
4,0,2513984
10,0,2514008
13,0,2500700
1,0,2514107
15,0,2514206
15,0,2514305
3,0,2514404
8,1,2514503
15,0,2514602
68,0,2514701
3,0,2514800
17,0,2514453
16,1,2514909
29,1,2515005
27,2,2515104
4,0,2515203
17,0,2515401
274,6,2515302
3,0,2515500
11,0,2515609
1,0,2515708
53,0,2515807
14,1,2515906
17,0,2515930
26,1,2515971
82,0,2516003
13,0,2516102
241,1,2516201
36,0,2516300
16,1,2516409
35,1,2516508
8,0,2516607
25,0,2516706
1,0,2516755
4,1,2516904
16,1,2517001
1,0,2517100
3,0,2517209
1,0,2505501
355,47,2600054
7,0,2600104
44,0,2600203
49,5,2600302
302,21,2600401
186,11,2600500
17,0,2600609
87,14,2600708
49,2,2600807
62,9,2600906
4,0,2601003
40,6,2601052
70,3,2601102
125,13,2601201
32,2,2601300
157,11,2601409
6,0,2601508
6,0,2601607
43,2,2601706
7,1,2601805
104,2,2601904
10,0,2602001
88,1,2602100
51,10,2602209
44,9,2602308
1,0,2602407
2,0,2602506
134,3,2602605
16,3,2602704
30,1,2602803
703,107,2602902
3,1,2603009
42,3,2603108
40,2,2603207
2,0,2603306
2,0,2603405
970,76,2603454
28,1,2603504
21,3,2603603
18,1,2603702
10,1,2603801
18,4,2603900
5,1,2603926
135,21,2604007
468,40,2604106
6,0,2604155
142,10,2604205
4,0,2604304
74,4,2604403
90,5,2604502
105,17,2604601
5,1,2604700
38,9,2604809
25,1,2604908
45,3,2605004
65,7,2605103
27,0,2605152
147,17,2605202
139,9,2605400
42,0,2605459
71,5,2605509
4,0,2605608
17,2,2605707
43,3,2605806
59,7,2605905
224,12,2606002
83,16,2606101
438,37,2606200
1,0,2606309
115,10,2606408
2,0,2606507
23,5,2606606
2,0,2606705
323,53,2606804
7,1,2606903
75,3,2607604
58,13,
3,0,2607000
1,0,2607109
272,43,2607208
45,3,2607307
1,1,2607406
19,2,2607505
210,8,2607653
12,1,2607703
157,17,2607752
48,6,2607802
3434,360,2607901
38,3,2607950
77,3,2608008
7,0,2608057
68,9,2608107
23,4,2608206
11,0,2608255
2,1,2608305
17,0,2608404
56,4,2608503
50,6,2608453
4,0,2608602
24,2,2608701
6,1,2608750
39,1,2608800
210,19,2608909
40,2,2609006
19,3,2609105
20,2,2609204
2,0,2614303
214,29,2609402
80,12,2609501
2816,181,2609600
12,1,2609709
3,1,2609808
28,1,2609907
314,27,2610004
6,1,2610103
23,1,2610202
4,0,2610301
11,1,2610400
114,5,2610509
208,22,2610608
2026,157,2610707
25,2,2610806
92,4,2610905
10,1,2611002
172,10,2611101
9,1,2611200
200,12,2611309
48,4,2611408
52,0,2611507
9,3,2611533
16250,1177,2611606
20,0,2611705
93,30,2611804
49,8,2611903
5,2,2612000
14,0,2612109
93,8,2612208
7,1,2612307
19,2,2612406
3,0,2612455
2,0,2612471
31,1,2612505
1,0,2612554
4,0,2612604
6,0,2612703
4,0,2612802
3,0,2612901
72,7,2613008
54,0,2613107
5,0,2613206
37,4,2613305
116,6,2613404
21,0,2613503
34,0,2613602
481,60,2613701
21,5,2613800
151,5,2613909
4,1,2614006
55,4,2614105
129,6,2614204
1,0,2614402
105,8,2614501
31,2,2614600
7,1,2614709
6,0,2614808
73,2,2614857
8,3,2615003
3,0,2615102
2,1,2615201
131,22,2615300
17,3,2615409
15,4,2615508
70,4,2615607
29,3,2615706
21,1,2615805
10,1,2615904
6,2,2616001
1,0,2616100
8,1,2616183
15,0,2616209
51,7,2616308
583,70,2616407
47,8,2616506
2,0,2200053
112,7,2200202
1,0,2200251
13,0,2200301
86,4,2200400
2,0,2200459
7,0,2200509
9,1,2200608
17,0,2200707
1,0,2200905
2,0,2201101
19,1,2201150
214,2,2201200
1,0,2201309
30,0,2201408
77,2,2201507
1,0,2201556
6,1,2201572
2,0,2201606
4,0,2201705
1,0,2201739
4,0,2201770
4,0,2201804
75,0,2201903
1,1,2201919
1,0,2201929
7,0,2201960
41,2,2202000
3,1,2202026
3,0,2202059
1,0,2202075
2,0,2202083
3,0,2202091
2,0,2202109
1,0,2202117
22,0,2202133
1,0,2202174
195,4,2202208
4,1,2202307
0,0,2202406
3,0,2202455
3,0,2202505
5,0,2202539
10,0,2202604
3,0,2202653
19,1,2202703
26,0,2202711
2,0,2202729
4,0,2202737
4,1,2202752
3,0,2202778
24,0,2202901
1,1,2203107
8,0,2203206
0,0,2203230
3,0,2203255
1,0,2203271
97,1,2203305
28,0,2203354
13,0,2203404
1,0,2203420
3,0,2203453
30,1,2203503
182,2,2203701
3,0,2203750
84,3,2203909
9,0,2204006
2,0,2204105
3,0,2204204
9,0,2204303
5,0,2204402
1,0,2204501
4,0,2204600
7,1,2204659
7,1,2204709
3,0,2204808
7,0,2204907
4,0,2205003
1,1,2205102
1,0,2205201
1,0,2205300
6,0,2205409
38,2,2205508
9,0,2205516
4,2,2205524
1,0,2205573
17,0,2205565
25,1,2205581
2,0,2205599
4,0,2205607
61,3,2205706
33,1,2205805
5,1,2205854
1,1,2205904
8,0,2205953
4,0,2206001
3,1,2206100
62,1,2206209
2,0,2206357
24,1,2206407
8,1,2206506
9,0,2206654
38,0,2206670
1,0,2206704
5,1,2206720
8,1,2206803
0,0,2207959
2,0,2206951
70,0,2207009
9,0,2207108
1,0,2207207
5,1,2207504
1,0,2207603
748,12,2207702
5,0,2207751
5,0,2207793
9,0,2207801
1,1,2207850
42,2,2207900
3,0,2207934
212,4,2208007
17,1,2208106
13,0,2208205
45,3,2208304
111,3,2208403
3,0,2208502
26,0,2208650
1,0,2208700
3,0,2208809
1,0,2208874
27,1,2208908
8,1,2209005
1,0,2209104
2,0,2209203
2,1,2209302
1,0,2209351
3,0,2209401
1,0,2209658
1,1,2209708
10,1,2209807
1,0,2209856
6,0,2209872
1,0,2209906
1,0,2209971
10,0,2210003
5,2,2210052
4,0,2210102
14,0,2210201
7,1,2210300
1,0,2210359
1,0,2210375
1,0,2210383
2,0,2210409
12,0,2210508
66,2,2210607
2,0,2210656
2,0,2210706
18,0,2210805
2,1,2210904
1,0,2210938
2965,116,2211001
111,1,2211100
86,3,2211209
21,1,2211308
2,1,2211357
1,0,2211407
2,0,2211506
4,0,2211605
2,0,4100103
11,0,4100301
32,0,4100400
1,0,4100459
1,0,4128625
9,0,4100608
6,0,4100806
18,0,4100905
6,1,4101002
6,0,4101051
9,0,4101101
1,0,4101150
6,0,4101200
40,3,4101408
25,2,4101507
2,0,4101606
17,1,4101705
102,0,4101804
4,0,4101903
36,1,4102000
5,0,4102307
11,1,4102406
1,0,4102505
5,0,4102604
3,0,4102802
1,0,4102901
20,0,4103057
1,0,4103107
11,1,4103354
1,0,4103404
2,0,4103453
2,0,4103602
53,1,4103701
2,1,4103909
50,3,4104006
13,0,4104055
2,0,4104105
43,2,4104204
3,0,4104253
58,4,4104303
3,0,4104428
2,0,4104451
5,0,4104501
2,0,4104600
4,0,4104659
4,0,4104709
621,9,4104808
4,0,4104907
3,0,4105003
5,0,4105102
9,1,4105300
5,0,4105409
100,1,4105508
2,1,4105607
4,0,4105706
69,0,4105805
7,0,4105904
3,0,4106001
5,0,4106100
3,1,4106209
9,0,4106308
121,1,4106407
87,0,4106456
1,0,4106506
6,0,4106571
5,0,4106605
6,0,4106704
1143,53,4106902
3,0,4107009
1,0,4107108
7,0,4107124
1,0,4107207
4,0,4107256
2,0,4107306
3,0,4107603
73,4,4107652
1,0,4107736
2,0,4107751
2,0,4107900
2,0,4108007
133,3,4108304
9,0,4108452
1,0,4108320
36,2,4108403
3,0,4108502
8,0,4108601
1,0,4108650
15,3,4108809
9,1,4108908
2,1,4109005
6,1,4109104
5,0,4109203
23,0,4109302
38,0,4109401
1,1,4109500
27,1,4109609
2,0,4109708
20,0,4109757
22,0,4109807
1,0,4109906
1,0,4110003
1,0,4110052
5,0,4110078
34,0,4110102
75,5,
2,0,4110201
8,0,4110409
1,0,4110656
3,0,4110706
4,1,4110805
1,0,4110953
3,0,4111001
3,0,4111209
6,0,4111258
1,0,4111308
2,0,4111407
11,2,4111506
15,0,4111803
4,0,4111902
9,1,4112009
1,0,4112108
1,0,4112207
7,0,4112405
3,0,4112504
9,1,4112702
7,1,4112751
1,0,4112801
1,0,4112959
2,1,4113007
1,0,4113106
4,0,4113205
13,0,4113304
4,0,4113403
4,0,4113452
2,0,4113502
1,0,4113601
521,29,4113700
1,1,4113734
0,0,4113809
2,0,4113908
5,1,4114005
7,0,4114104
3,1,4114203
30,0,4114302
3,0,4114351
4,0,4114401
7,1,4114500
8,0,4114609
13,0,4114708
2,0,4114807
1,0,4114906
10,0,4115002
7,0,4115101
199,9,4115200
5,0,4115309
1,0,4115358
2,0,4115507
1,0,4115606
7,0,4115705
20,0,4115804
17,1,4115903
4,0,4116059
7,0,4116109
7,0,4116208
1,0,4116505
1,0,4116604
2,0,4116703
11,0,4116901
4,0,4117008
10,0,4117107
1,0,4117206
2,0,4117305
5,0,4117503
7,0,4117602
4,0,4117701
16,1,4117909
14,1,4118006
6,0,4118105
71,4,4118204
2,0,4118303
102,6,4118402
34,1,4118501
3,0,4118600
2,0,4118808
1,0,4119103
103,4,4119152
1,0,4119251
3,0,4119301
69,5,4119509
4,0,4119608
9,0,4119707
2,0,4119806
83,0,4119905
10,0,4119954
1,0,4120002
4,0,4120333
1,0,4120408
2,1,4120507
1,0,4120655
5,1,4120705
25,1,4120804
13,0,4120903
8,0,4121000
27,1,4121208
2,0,4121257
4,1,4121307
4,0,4121406
3,0,4121505
11,0,4121703
7,0,4121752
22,1,4121901
2,0,4122156
6,0,4122206
12,1,4122305
15,0,4122404
16,0,4122602
2,0,4122800
1,0,4122909
1,0,4123204
4,0,4123303
8,1,4123402
13,1,4123709
1,0,4123824
5,1,4123907
9,1,4123956
1,0,4124004
13,1,4124020
21,0,4124053
3,0,4124103
23,1,4124202
4,0,4124509
2,0,4124806
35,1,4124905
6,1,4125001
1,0,4125100
1,1,4125407
127,5,4125506
5,0,4125555
1,1,4125605
2,0,4125704
5,0,4126108
17,1,4126207
13,1,4126256
6,0,4126272
7,0,4126405
1,1,4126504
9,4,4126603
2,1,4126678
28,1,4126702
27,0,4126801
35,1,4127106
7,1,4127205
22,1,4127304
1,0,4127403
17,0,4127601
49,1,4127700
5,0,4127809
15,0,4127858
16,0,4127908
5,0,4127957
40,1,4128104
14,0,4128203
11,1,4128401
3,1,4128609
1,0,4128708
10,0,4128500
1080,42,3300100
17,0,3300159
157,28,3300209
16,0,3300225
113,3,3300233
45,4,3300258
152,16,3300308
194,17,3300407
835,122,3300456
25,2,3300506
64,2,3300605
416,22,3300704
138,19,3300803
33,0,3300902
840,40,3301009
8,1,3301108
33,1,3300936
22,0,3301157
23,0,3301207
166,6,3301306
15,0,3300951
85,1,3301405
40,0,3301504
4,0,3301603
1688,286,3301702
21,2,3301801
288,23,3301850
81,14,3301876
0,0,
1339,84,3301900
457,52,3302007
78,3,3302056
49,3,3302106
195,0,3302205
6,0,3302254
114,10,3302270
47,0,3302304
942,37,3302403
4,0,3302452
768,98,3302502
136,7,3302601
568,37,3302700
27,2,3302809
545,67,3302858
20,1,3302908
27,0,3303005
30,1,3303104
375,42,3303203
3447,127,3303302
255,23,3303401
1935,219,3303500
219,13,3303609
150,4,3303708
100,5,3303807
26,4,3303856
457,52,3303906
61,0,3303955
117,6,3304003
40,1,3304102
12,0,3304110
11,0,3304128
1120,17,3304144
72,1,3304151
189,16,3304201
136,12,3304300
81,0,3304409
4,1,3304508
324,20,3304524
33695,4231,3304557
7,0,3304607
131,3,3304706
145,0,3304805
61,6,3304755
1887,211,3304904
110,6,3305000
825,106,3305109
49,0,3305133
76,0,3305158
182,5,3305208
9,0,3305307
90,8,3305406
136,11,3305505
237,13,3305554
80,4,3305604
17,0,3305703
152,19,3305752
603,35,3305802
2,0,3305901
328,1,3306008
97,7,3306107
8,0,3306156
109,8,3306206
814,37,3306305
7,0,1100015
4,0,1100379
11,2,1100403
4,1,1100346
466,5,1100023
33,1,1100452
3,0,1100031
4,0,1100601
81,1,1100049
9,1,1100700
147,2,1100809
5,2,1100056
4,0,1100924
4,0,1100080
30,1,1100940
29,2,1100098
7,0,1101005
325,21,1100106
0,0,
26,0,1101104
104,0,1100114
139,5,1100122
7,0,1100130
1,0,1101203
23,1,1101302
11,0,1101401
5,0,1100148
31,3,1100338
0,0,1101435
7,0,1100502
55,1,1100155
40,0,1100189
5,0,1101468
4343,139,1100205
4,0,1100254
6,0,1101476
5,0,1100262
70,2,1100288
2,0,1100296
1,0,1101484
17,1,1101492
274,2,1100320
1,0,1101500
7,0,1101609
22,0,1101708
3,0,1101757
9,0,1101807
68,1,1100304
2,0,4300059
1,0,4300109
2,0,4300208
2,0,4300307
12,0,4300406
10,0,4300505
85,3,4300604
7,0,4300646
6,0,4300703
2,0,4300802
1,0,4300877
2,0,4300901
99,0,4301008
11,1,4301057
9,1,4301107
0,0,4301305
5,0,4301404
1,0,4301552
69,0,4301602
5,0,4301636
1,0,4301651
14,0,4301701
2,0,4301909
2,1,4302006
17,0,4302055
653,16,4302105
1,0,4302154
13,1,4302253
35,0,4302303
31,0,4302352
4,0,4302378
70,1,4302402
0,0,4302501
2,0,4302600
12,0,4302659
2,0,4302709
16,1,4302808
35,0,4303004
118,0,4303103
2,0,4303202
0,0,4303301
16,1,4303509
6,0,4303558
1,0,4303673
5,0,4303806
23,0,4303905
2,0,4304002
8,0,4304200
1,0,4304358
6,1,4304408
18,0,4304507
125,7,4304606
4,0,4304614
15,1,4304630
1,0,4304663
1,0,4304689
10,0,4304697
44,0,4304705
188,3,4304804
7,0,4304903
6,0,4304952
207,5,4305108
1,1,4305173
3,0,4305306
14,0,4305355
1,0,4305405
9,1,4305454
2,0,4305504
13,0,4305587
2,0,4305603
10,0,4305702
4,0,4305850
3,0,4305900
24,0,4305975
1,0,4306007
18,1,4306106
7,0,4306130
56,2,4306205
1,0,4306304
1,0,4306320
7,0,4306403
3,0,4306502
17,1,4306601
5,2,4306734
3,0,4306759
16,1,4306767
58,3,4306809
2,1,4306908
6,0,4306932
16,0,4306957
4,0,4306973
236,2,4307005
4,0,4307054
12,0,4307203
1,0,4307401
12,1,4307450
11,1,4307500
13,0,4307559
29,0,4307609
44,1,4307708
159,1,4307807
0,0,4307831
272,4,4307906
20,0,4308052
5,0,4308078
12,0,4308102
23,0,4308201
9,0,4308250
7,0,4308300
71,0,4308409
35,1,4308508
403,4,4308607
17,0,4308706
9,0,4308805
8,0,4308854
9,0,4308904
2,1,4309001
1,0,4309050
8,0,4309100
18,0,4309126
1,0,4309159
71,4,4309209
0,0,4309258
59,1,4309308
27,0,4309407
5,0,4309555
10,1,4309605
0,0,4309654
6,0,4309704
2,0,4309902
23,2,4309951
24,1,4310009
2,0,4310108
23,0,4310207
9,0,4310330
10,0,4310363
1,0,4310405
1,0,4310413
3,0,4310603
3,0,4310652
3,0,4310702
12,1,4310801
1,0,4310850
3,1,4311106
2,0,4311122
15,0,4311205
22,1,4311304
1366,19,4311403
5,0,4311502
6,0,4311700
8,0,4311775
4,0,4311791
218,5,4311809
5,0,4311908
9,0,4312005
7,0,4312054
3,1,4312138
9,0,4312153
1,0,4312203
6,0,4312252
1,0,4312302
6,0,4312351
1,0,4312377
6,1,4312385
71,1,4312401
3,0,4312427
5,0,4312443
1,0,4312476
13,0,4312609
5,0,4312625
35,1,4312658
2,0,4312674
42,1,4312708
33,1,4312807
23,0,4312906
7,0,4313003
1,0,4313060
0,0,4313102
3,0,4313201
31,0,4313300
3,0,4313375
1,0,4313490
165,6,4313409
0,0,4313466
39,1,4313508
3,0,4313607
61,0,4313706
1,0,4313904
1,0,4313953
12,0,4314001
1,0,4314027
1,0,4314035
8,0,4314050
820,35,4314100
15,3,4314159
103,0,4314407
2,0,4314506
4,1,4314548
3,0,4314605
23,0,4314704
19,0,4314753
7,0,4314779
15,0,4314803
949,42,4314902
1,0,4315057
3,0,4315131
23,0,4315156
1,0,4315172
15,2,4315305
1,0,4315313
5,0,4315404
16,0,4315503
5,0,4315552
42,1,4315602
4,0,4315701
12,2,4315800
6,0,4316006
6,0,4316105
1,0,4316204
3,0,4316402
34,4,4316436
16,0,4316451
2,0,4316501
18,0,4316600
1,0,4316709
4,0,4316733
19,0,4316758
101,1,4316808
219,3,4316907
39,1,4317103
21,2,4317202
9,1,4317251
5,0,4317301
9,0,4317400
75,4,4317509
9,0,4317608
1,0,4317558
1,1,4317806
3,0,4317905
11,0,4318002
10,0,4318051
2,0,4318200
53,2,4318309
9,0,4318408
1,0,4318424
13,0,4318440
1,0,4318457
5,0,4318465
1,0,4318481
1,0,4318507
1,0,4318606
270,3,4318705
6,0,4318804
10,0,4318903
12,0,4319000
6,0,4319109
3,0,4319125
1,0,4319356
1,0,4319406
26,1,4319505
26,0,4319604
16,0,4319703
3,0,4319711
1,0,4319737
5,0,4319752
1,0,4319802
14,0,4319901
144,9,4320008
18,0,4320107
1,0,4320206
3,0,4320305
113,1,4320404
4,0,4320453
6,0,4320503
33,0,4320800
10,0,4320859
79,0,4320909
10,0,4321204
131,0,4321303
5,0,4321402
13,0,4321436
111,0,4321451
4,1,4321469
1,0,4321477
39,1,4321501
25,3,4321600
1,0,4321626
4,0,4321634
17,0,4321667
1,0,4321808
3,0,4321832
13,0,4321857
86,0,4321907
46,1,4321956
41,1,4322004
1,0,4322103
12,2,4322152
7,0,4322202
4,0,4322251
47,0,4322400
69,3,4322509
1,0,4322541
10,0,4322525
3,0,4322558
194,7,4322608
3,0,4322707
11,0,4322806
2,0,4322855
3,0,4322905
60,5,4323002
4,0,4323200
4,0,4323309
2,0,4323358
13,1,4323408
4,0,4323457
1,0,4323606
1,0,4323705
1,0,4323754
8,0,4323770
2,0,4323804
6,0,2800100
23,1,2800209
4691,85,2800308
4,3,2800407
57,1,2800506
181,1,2800605
24,1,2800670
2,0,2800704
11,0,2801009
2,0,2801108
42,2,2801207
33,1,2801306
6,1,2801405
22,1,2801504
30,0,2801603
14,0,2801702
1,0,2801900
7,0,2802007
190,5,2802106
3,0,2802205
14,1,2802304
3,1,2802403
2,0,2802502
23,0,2802601
3,0,2802700
13,1,2802809
368,5,2802908
139,3,2803005
1,0,2803104
54,2,2803203
19,1,2803302
3,0,2803401
167,3,2803500
27,2,2803609
7,0,2803708
15,0,2803807
21,1,2803906
30,0,2804003
32,1,2804102
3,0,2804201
2,0,2804300
15,2,2804409
1,0,2804458
196,1,2804508
35,0,2804607
9,1,2804706
675,20,2804805
21,0,2804904
1,0,2805000
3,0,2805109
5,2,2805208
7,0,2805307
49,1,2805406
22,1,2805505
38,2,2805604
47,2,2805703
10,3,2805802
13,0,2805901
13,2,2806008
14,1,2806107
25,2,2806206
5,0,2806305
3,1,2806404
1,0,2806503
25,2,2806602
361,9,2806701
6,1,2806800
3,0,2806909
4,0,2807006
122,2,2807105
11,0,2807204
1,0,2807303
56,3,2807402
3,0,2807501
105,5,2807600
160,1,1200013
43,2,1200054
54,3,1200104
48,1,1200138
45,1,1200179
739,11,1200203
89,2,1200252
24,1,1200302
0,0,
1,0,1200328
35,1,1200336
3,0,1200344
91,0,1200351
188,4,1200385
101,4,1200807
2,0,1200393
4289,131,1200401
27,2,1200427
15,0,1200435
130,2,1200450
241,1,1200500
302,3,1200609
52,1,1200708
6,1,2300101
93,6,2300150
604,23,2300200
89,6,2300309
4,0,2300408
120,1,2300507
1,0,2300606
32,1,2300705
246,5,2300754
2,0,2300804
63,6,2300903
304,13,2301000
337,12,2301109
189,2,2301208
2,1,2301257
3,0,2301307
25,1,2301406
19,0,2301505
9,0,2301604
7,1,2301703
1,0,2301802
84,1,2301851
71,2,2301901
95,8,2301950
9,1,2302008
156,0,2302057
64,10,2302107
127,12,2302206
363,6,2302305
43,8,2302404
26,3,2302503
364,10,2302602
52,0,2302701
534,15,2302800
176,4,2302909
82,7,2303006
112,1,2303105
15,2,2303204
7,2,2303303
29,0,2303402
362,23,2303501
17,1,2303600
17,0,2303659
2072,123,2303709
11,2,2303808
87,3,2303907
109,2,2303931
108,4,2303956
189,3,2304004
211,8,2304103
65,0,2304202
10,0,2304236
237,5,2304251
4,0,2304269
27,3,2304277
778,15,2304285
53,3,2304301
49,2,2304350
25726,2334,2304400
44,0,2304459
41,3,2304509
28,4,2304608
61,0,2304657
158,6,2304707
94,2,2304905
96,9,2304954
67,3,2305001
12,0,2305100
21,2,2305209
424,21,2305233
10,4,2305266
54,1,2305308
117,3,2305332
86,3,2305357
73,3,2305407
126,15,2305506
1547,0,
27,4,2305605
39,0,2305654
8,1,2305704
39,2,2305803
56,2,2305902
14,1,2306009
77,5,2306108
43,5,2306207
265,18,2306256
320,12,2306306
1056,58,2306405
72,3,2306504
671,12,2306553
239,6,2306603
39,2,2306702
34,1,2306801
128,6,2306900
94,2,2307007
4,1,2307106
3,1,2307205
110,1,2307254
337,15,2307304
14,1,2307403
22,1,2307502
312,8,2307601
69,4,2307635
1795,131,2307650
803,55,2307700
73,3,2307809
8,0,2307908
424,16,2308005
68,7,2308104
43,3,2308203
21,1,2308302
27,2,2308351
54,3,2308377
52,0,2308401
68,4,2308500
44,3,2308609
490,5,2308708
83,1,2308807
139,6,2308906
114,1,2309003
22,0,2309102
8,0,2309201
43,1,2309300
14,2,2309409
121,6,2309458
48,0,2309508
253,12,2309607
567,34,2309706
43,2,2309805
16,0,2309904
12,2,2310001
73,2,2310100
176,12,2310209
176,12,2310258
69,6,2310308
29,1,2310407
50,4,2310506
5,2,2310605
204,12,2310704
13,0,2310803
139,9,2310852
3,0,2310902
5,0,2310951
13,0,2311009
2,1,2311108
16,0,2311207
11,0,2311231
34,2,2311264
744,22,2311306
13,0,2311355
329,13,2311405
73,3,2311504
295,7,2311603
27,4,2311702
228,10,2311801
7,0,2311900
6,1,2311959
33,8,2312007
34,0,2312106
199,8,2312205
38,0,2312304
858,20,2312403
38,0,2312502
61,5,2312601
25,0,2312700
149,1,2312809
2503,94,2312908
49,1,2313005
130,3,2313104
25,1,2313203
2,0,2313252
187,6,2313302
113,2,2313351
315,17,2313401
211,14,2313500
87,12,2313559
191,4,2313609
10,0,2313708
102,13,2313757
253,8,2313807
31,1,2313906
34,2,2313955
89,1,2314003
248,8,2314102
3,0,5000203
1,0,5000252
6,0,5000609
1,0,5000708
1,0,5001003
0,0,5001102
11,0,5001904
6,2,5002001
2,0,5002100
0,0,5002159
49,0,5002209
15,2,5002308
3,0,5002407
2,0,5002605
341,7,5002704
24,0,5002951
1,0,5003108
57,0,5003207
3,0,5003256
8,0,5003306
4,0,5003454
67,0,5003504
419,2,5003702
138,0,5003801
8,0,5004007
239,0,5004106
63,0,5004502
1,0,5004601
5,0,5004700
35,0,5005004
1,0,5005103
15,0,5005202
0,0,5005251
1,0,5005400
1,0,5005608
7,0,5005681
19,0,5005707
1,0,5006002
11,0,5006200
3,0,5006275
6,1,5006309
1,0,5006358
35,0,5006606
0,0,5006903
11,0,5007109
77,0,5007208
1,0,5007406
9,0,5007695
1,0,5007802
4,0,5007901
14,0,5007935
1,0,5007950
1,0,5007976
153,5,5008305
39,1,5008404
1644,62,1500107
20,1,1500131
177,7,1500206
210,3,1500305
2,0,1500347
210,2,1500404
24,1,1500503
516,11,1500602
146,4,1500701
2918,253,1500800
134,2,1500859
162,4,1500909
111,4,1500958
1,0,1501006
96,5,1501105
141,7,1501204
11,3,1501253
819,63,1501303
13032,1416,1501402
19,3,1501451
904,40,1501501
16,0,1501576
107,3,1501600
859,33,1501709
62,1,1501725
9,0,1501758
75,7,1501782
568,62,1501808
148,15,1501907
83,9,1502004
64,0,1501956
1453,47,1502103
1033,15,1502152
406,37,1502202
276,17,1502301
830,98,1502400
37,1,1502509
62,4,1502608
38,1,1502707
159,4,1502756
21,0,1502764
297,6,1502772
96,4,1502806
20,0,1502855
366,36,1502905
331,4,1502939
12,1,1502954
1,0,1503002
2,0,1503044
181,5,1503077
44,2,1503093
26,3,1503101
166,15,1503200
704,16,1503309
0,0,
29,3,1503408
124,4,1503457
130,4,1503507
169,6,1503606
69,2,1503705
32,2,1503754
152,4,1503804
74,10,1503903
210,7,1504000
181,14,1504059
70,6,1504109
536,99,1504208
74,10,1504307
149,11,1504406
451,43,1504422
86,1,1504455
109,6,1504505
366,9,1504604
623,19,1504703
17,2,1504752
27,2,1504802
88,7,1504901
234,5,1504950
54,3,1504976
49,0,1505007
72,0,1505031
30,7,1505064
20,1,1505106
264,16,1505205
30,4,1505304
56,1,1505403
297,0,1505437
89,5,1505486
8,1,1505494
671,56,1505502
2367,65,1505536
5,1,1505551
26,2,1505601
23,0,1505635
113,4,1505700
448,27,1505809
184,14,1505908
27,0,1506005
74,2,1506104
57,2,1506112
65,1,1506138
63,0,1506161
64,7,1506187
50,0,1506195
240,23,1506203
143,8,1506302
182,8,1506351
65,5,1506401
302,20,1506500
73,3,1506559
8,0,1506583
108,10,1506609
34,3,1506708
1227,95,1506807
20,2,1506906
277,18,1507003
150,15,1507102
100,2,1507151
55,3,1507201
142,3,1507300
48,3,1507409
156,7,1507458
10,1,1507466
94,6,1507474
5,1,1507508
395,20,1507607
83,4,1507706
18,0,1507755
195,14,1507805
79,4,1507904
361,6,1507953
102,8,1507961
10,0,1507979
292,24,1508001
96,3,1508035
36,1,1508050
193,1,1508084
567,49,1508100
211,8,1508126
76,0,1508159
123,12,1508209
717,10,1508308
238,6,1508357
187,7,1508407
3,0,2400109
141,7,2400208
14,1,2400307
6,1,2400505
2,0,2400604
61,6,2400703
7,1,2400802
2,0,2400901
308,7,2401008
284,21,2401107
12,0,2401206
6,0,2401404
94,4,2401453
2,0,2401503
3,0,2401602
10,1,2401701
10,0,2401800
12,0,2401859
8,1,2401909
64,1,2402006
9,0,2402105
56,7,2402204
44,0,2402303
4,2,2402402
21,0,2402501
127,13,2402600
1,1,2402709
2,1,2402907
11,0,2403004
33,1,2403103
6,0,2403202
15,2,2403301
2,0,2403400
5,0,2403509
134,3,2403608
36,0,2403707
4,0,2403756
3,0,2403806
1,0,2403905
5,0,2404002
3,0,2404101
48,0,2404200
9,0,2404309
15,1,2404408
76,4,2404507
17,2,2404606
32,4,
33,5,2404705
2,0,2404804
17,1,2404853
13,0,2404903
8,0,2405009
3,0,2405108
1,1,2405207
2,0,2405306
4,0,2405405
1,0,2405504
5,1,2405603
11,0,2405702
36,2,2405801
14,0,2406106
2,0,2406155
0,0,2406205
3,1,2406304
2,0,2406403
5,0,2406502
5,0,2406601
9,0,2406700
9,0,2406809
6,0,2406908
3,0,2407005
177,6,2407104
56,1,2407203
3,0,2407401
12,2,2407500
1,0,2407609
13,1,2407708
30,1,2407807
1251,66,2408003
3538,127,2408102
40,2,2408201
48,1,2408300
2,0,2408409
5,0,2408508
2,0,2408607
4,0,2408706
3,0,2408805
15,0,2408904
863,17,2403251
2,0,2409100
1,0,2409209
4,1,2409308
21,1,2409407
16,0,2409506
4,0,2409704
7,0,2409803
54,2,2409902
5,0,2410009
18,0,2410108
3,0,2410207
19,1,2410256
19,0,2410405
4,0,2410603
7,1,2410702
9,0,2410900
16,0,2408953
3,0,2411007
7,0,2411106
59,0,2411205
11,0,2409332
15,0,2411403
3,0,2411429
34,2,2411502
2,0,2411601
4,0,2411700
3,0,2411809
397,19,2412005
2,0,2412104
114,3,2412203
2,1,2412302
2,0,2412401
21,0,2412500
4,0,2412559
28,0,2412609
20,0,2412708
21,1,2412807
20,1,2412906
1,0,2413003
3,0,2413102
6,2,2413201
14,2,2410306
2,0,2413300
20,1,2413359
10,2,2413409
2,0,2413508
5,0,2413607
5,1,2413805
7,1,2413904
8,2,2414001
13,2,2414100
8,0,2414159
22,0,2411056
7,0,2414209
1,0,2414308
115,5,2414407
6,0,2414506
5,0,2414605
6,0,2414704
1,0,2414753
5,0,2414803
1,0,2414902
1,0,2415008
2,0,1700251
41,1,1700301
3,0,1700350
0,0,1700400
8,0,1700707
6,0,1701002
2,0,1701051
0,0,1701101
14,0,1701309
0,0,1701903
4,1,1702000
1971,19,1702109
5,0,1702158
80,12,1702208
0,0,1702307
0,0,1702406
48,2,1702554
2,0,1702703
41,2,1702901
3,0,1703008
7,0,1703057
2,0,1703073
9,1,1703107
0,0,1703206
0,0,1703305
1,0,1703602
2,0,1703701
17,0,1703800
8,0,1703826
2,0,1703842
57,1,1703867
2,0,1703883
0,0,1703891
2,0,1703909
0,0,1704105
0,0,1705102
0,0,1704600
89,1,1705508
2,0,1716703
0,0,1705557
0,0,1705607
16,0,1706001
0,0,1706100
1,0,1706258
124,0,1706506
1,0,1707009
2,0,1707108
0,0,1707207
5,0,1707306
11,0,1707405
9,0,1707553
7,1,1707652
18,0,1707702
33,1,1708205
1,0,1708304
28,1,1709005
63,3,1709302
110,2,1709500
0,0,
2,1,1709807
0,0,1710508
61,0,1710706
4,0,1710904
0,0,1711100
0,0,1711506
0,0,1711803
13,0,1711902
0,0,1711951
1,0,1712009
0,0,1712157
1,1,1712405
3,0,1712454
10,1,1712504
0,0,1712702
15,0,1712801
23,0,1713205
17,2,1713304
2,0,1713601
0,0,1713700
0,0,1713957
0,0,1714203
2,0,1714302
119,2,1714880
6,0,1715002
2,0,1715101
0,0,1715150
0,0,1715259
6,0,1715507
665,8,1721000
2,0,1715705
39,1,1713809
1,0,1715754
127,6,1716109
0,0,1716208
0,0,1716307
6,0,1716505
1,0,1716604
4,0,1716653
2,0,1717008
1,0,1717206
1,0,1717503
0,0,1717800
4,0,1717909
0,0,1718006
61,1,1718204
32,0,1718303
3,0,1718402
5,0,1718451
0,0,1718501
4,0,1718550
0,0,1718659
0,0,1718709
14,0,1718758
28,0,1718808
2,0,1718840
4,0,1718865
0,0,1718881
0,0,1718899
1,0,1718907
4,1,1719004
0,0,1720002
11,0,1720101
0,0,1720150
76,3,1720200
1,0,1720259
7,0,1720309
0,0,1720499
2,0,1720655
68,1,1720804
0,0,1720853
15,0,1708254
0,0,1720903
0,0,1720937
0,0,1720978
2,0,1721109
119,3,1721208
0,0,1721257
0,0,1721307
23,0,1722081
217,3,1722107
78,3,1400050
38,1,1400027
3133,102,1400100
84,2,1400159
170,3,1400175
23,0,1400209
67,1,1400233
48,1,
13,1,1400282
112,1,1400308
11,0,1400407
130,3,1400456
148,4,1400472
32,0,1400506
45,1,1400605
11,1,1400704
1,0,4200051
5,0,4200101
9,0,4200200
10,1,4200309
6,0,4200408
21,0,4200507
1,0,4200556
2,0,4200606
0,0,4200705
4,0,4200754
8,0,4200804
2,0,4201000
22,4,4201208
27,0,4201273
30,0,4201307
67,2,4201406
26,0,4201505
13,1,4201653
1,0,4201703
3,0,4201802
4,0,4201901
30,1,4201950
14,0,4202057
432,2,4202008
8,1,4202073
65,0,4212809
6,0,4220000
20,0,4202107
10,0,4202206
28,0,4202305
645,4,4202404
12,0,4202453
6,0,4202701
113,2,4202800
152,0,4202909
21,1,4203006
6,0,4203105
144,5,4203204
0,0,4203303
2,0,4203501
3,0,4203600
4,0,4203709
54,0,4203808
2,0,4203907
24,0,4203956
14,0,4204004
28,1,4204103
939,4,4204202
18,1,4204251
935,9,4204301
3,0,4204350
5,0,4204400
3,0,4204459
6,0,4204509
387,9,4204608
16,0,4204707
1,0,4204756
5,0,4204806
3,0,4204905
1,1,4205001
3,0,4205100
0,0,4205159
86,1,4205175
23,0,4205308
697,7,4205407
26,0,4205456
15,0,4205506
2,0,4205605
6,0,4205704
10,1,4205803
49,1,4205902
28,0,4206009
3,0,4206108
26,1,4206207
4,1,4206306
1,0,4206405
41,0,4206504
30,0,4206652
7,0,4206702
3,0,4206801
5,0,4206900
22,0,4207007
20,0,4207106
44,0,4207304
1,0,4207403
48,0,
57,2,4207502
6,0,4207601
37,0,4207684
62,0,4207700
56,0,4207809
2,1,4207858
32,0,4208005
3,1,4208104
500,10,4208203
61,1,4208302
5,0,4208401
2,0,4208450
10,1,4208500
13,0,4208609
5,0,4208708
9,0,4208807
121,2,4208906
23,0,4209003
434,23,4209102
1,0,4209151
12,0,4209177
70,0,4209300
18,1,4209409
6,0,4209458
3,0,4209508
2,0,4209607
56,0,4209854
1,0,4209904
2,0,4210001
6,0,4210035
8,0,4210100
12,0,4210407
22,0,4210506
4,0,4210555
1,1,4210605
17,0,4210803
0,0,4211009
3,0,4211058
1,0,4211108
12,0,4211207
2,0,4211256
253,7,4211306
15,0,4211405
1,0,4211454
5,0,4211504
42,0,4211603
23,0,4211702
3,0,4211751
2,0,4211801
12,0,4211876
156,1,4211900
3,0,4212007
1,0,4212056
58,3,4212106
15,4,4212205
13,0,4212254
1,0,4212270
2,0,4212304
2,1,4212403
72,2,4212502
14,0,4212601
1,0,4212650
1,0,4212700
15,0,4212908
1,0,4213005
10,0,4213104
12,0,4213153
21,0,4213203
26,2,4213401
24,1,4213500
6,0,4213609
4,1,4213708
5,0,4213807
8,0,4213906
1,0,4214003
9,0,4214201
2,0,4214300
3,0,4214607
58,0,4214805
1,0,4214904
11,0,4215000
1,0,4215059
2,0,4215075
3,1,4215109
7,1,4215307
1,0,4215406
16,0,4215455
2,0,4215505
1,0,4215554
0,0,4215604
29,0,4215653
1,0,4215679
1,0,4215695
8,0,4215703
32,0,4215802
1,0,4215752
19,0,4216008
5,0,4216107
32,1,4216206
6,0,4216305
7,0,4216354
1,0,4216255
4,0,4216404
3,0,4216503
129,2,4216602
2,0,4216701
7,0,4216909
30,1,4217006
3,0,4217105
57,0,4217204
0,0,4217253
6,0,4217303
11,0,4217402
152,0,4217501
0,0,4217550
21,1,4217600
61,3,4217709
1,0,4217808
4,1,4217907
5,0,4217956
16,0,4218004
6,0,4218103
34,0,4218202
133,0,4218301
0,0,4218350
4,0,4218400
3,0,4218509
2,0,4218608
168,3,4218707
3,0,4218756
6,0,4218806
2,0,4218855
0,0,4218905
42,3,4219002
3,0,4219101
0,0,4219150
23,0,4219176
2,0,4219200
17,0,4219309
130,1,4219507
2,0,4219606
149,4,4219705
8,0,4219853
